trial_number,image_width,image_height,number_of_iter,duration_ms,render_output_image
1,32,32,5,791.1040782928467,False
2,32,32,5,785.548210144043,False
1,64,64,5,3193.7410831451416,False
2,64,64,5,3188.288927078247,False
1,128,128,5,13032.554864883423,False
2,128,128,5,13209.659337997437,False
1,256,256,5,55861.81092262268,False
2,256,256,5,56370.02491950989,False
1,512,512,5,267945.2579021454,False
